dt_iso,city_id,pressure,humidity,wind_speed,avg_temp_f,weather_type,Average Trip Duration,Amount of Rides,Subscribers,Non Subscribers,Subscriber %,Non Subscriber %
2018-01-01,4930956,1023.0,55.041666666666664,5.0,4.479497660000045,1.0,12.72472591066341,175.0,173.0,2.0,99.0,1.0
2018-01-02,4930956,1024.375,59.875,3.625,6.002750000000041,1.0,13.32054846047138,757.0,741.0,16.0,98.0,2.0
2018-01-03,4930956,1023.4583333333334,63.333333333333336,2.4166666666666665,17.818247660000036,1.0,15.045657224681504,1302.0,1277.0,25.0,98.0,2.0
2018-01-04,4930956,1003.6666666666666,79.375,5.625,22.72175000000004,8.0,32.958471661780486,188.0,188.0,0.0,100.0,0.0
2018-01-05,4930956,992.8333333333334,59.333333333333336,7.625,17.933747660000048,8.0,14.736448164408692,198.0,196.0,2.0,99.0,1.0
2018-01-06,4930956,1011.25,49.291666666666664,6.041666666666667,7.300247660000042,1.0,16.25078713273265,1050.0,1043.0,7.0,99.0,1.0
2018-01-07,4930956,1028.0833333333333,48.625,4.541666666666667,3.5622500000000445,1.0,19.358269401154264,1439.0,1422.0,17.0,99.0,1.0
2018-01-08,4930956,1020.5833333333334,47.291666666666664,2.625,23.442501170000053,2.0,16.376647669794206,1638.0,1611.0,27.0,98.0,2.0
2018-01-09,4930956,1015.3333333333334,71.66666666666667,3.75,34.41800000000004,2.0,12.092077862350008,2009.0,1971.0,38.0,98.0,2.0
2018-01-10,4930956,1028.8333333333333,62.583333333333336,2.4166666666666665,28.781000000000052,1.0,11.58253405202747,1566.0,1514.0,52.0,97.0,3.0
2018-01-11,4930956,1027.4166666666667,81.25,3.0833333333333335,40.07525000000003,2.0,13.204662822960698,901.0,838.0,63.0,93.0,7.0
2018-01-12,4930956,1017.75,97.125,4.208333333333333,51.359000000000016,6.0,14.076353566107684,600.0,552.0,48.0,92.0,8.0
2018-01-13,4930956,1003.9583333333334,83.66666666666667,7.625,51.386000000000045,7.0,10.137722337580383,910.0,894.0,16.0,98.0,2.0
2018-01-14,4930956,1030.9583333333333,54.083333333333336,4.833333333333333,18.989000000000036,1.0,11.90404520127296,1842.0,1823.0,19.0,99.0,1.0
2018-01-15,4930956,1039.5416666666667,59.125,3.2916666666666665,15.785000000000041,8.0,15.21274880502159,1139.0,1127.0,12.0,99.0,1.0
2018-01-16,4930956,1033.2083333333333,68.08333333333333,2.9583333333333335,24.529250000000033,2.0,13.141962180122144,1923.0,1889.0,34.0,98.0,2.0
2018-01-17,4930956,1026.0833333333333,93.95833333333333,2.125,32.63375000000004,8.0,37.374436876164914,1857.0,1812.0,45.0,98.0,2.0
2018-01-18,4930956,1015.125,82.95833333333333,3.0,27.622887500000044,1.0,21.043166152330258,1339.0,1186.0,153.0,89.0,11.0
2018-01-19,4930956,1014.0,79.66666666666667,2.9166666666666665,25.853750000000034,1.0,12.858547857791434,1778.0,1614.0,164.0,91.0,9.0
2018-01-20,4930956,1008.4166666666666,62.375,2.9583333333333335,36.57875000000003,1.0,30.49813911956763,1836.0,1782.0,54.0,97.0,3.0
2018-01-21,4930956,1017.2916666666666,68.79166666666667,2.5833333333333335,39.75500000000003,1.0,15.973751500468724,1778.0,1755.0,23.0,99.0,1.0
2018-01-22,4930956,1023.4583333333334,96.25,1.8333333333333333,34.86500000000004,7.0,14.565856379060854,2364.0,2319.0,45.0,98.0,2.0
2018-01-23,4930956,1013.125,96.70833333333333,3.4583333333333335,37.130000000000045,7.0,11.782661111225062,1986.0,1956.0,30.0,98.0,2.0
2018-01-24,4930956,1005.9583333333334,75.95833333333333,4.208333333333333,38.42600000000004,7.0,25.37034900195225,1612.0,1562.0,50.0,97.0,3.0
2018-01-25,4930956,1021.7083333333334,52.375,5.291666666666667,24.985250000000054,1.0,14.493676468153046,1615.0,1391.0,224.0,86.0,14.0
2018-01-26,4930956,1035.2083333333333,48.458333333333336,3.5,23.916500000000052,1.0,14.396933430622136,2244.0,2071.0,173.0,92.0,8.0
2018-01-27,4930956,1031.0833333333333,62.708333333333336,2.1666666666666665,34.784750000000045,1.0,13.322282855299024,1940.0,1886.0,54.0,97.0,3.0
2018-01-28,4930956,1022.4583333333334,68.91666666666667,2.7083333333333335,48.391250000000035,7.0,11.780690222913705,1764.0,1738.0,26.0,99.0,1.0
2018-01-29,4930956,1024.2916666666667,77.79166666666667,3.25,36.138500000000036,2.0,11.317506506746112,2276.0,2245.0,31.0,99.0,1.0
2018-01-30,4930956,1014.9166666666666,72.66666666666667,5.0,27.095750000000038,8.0,14.824939000605502,2031.0,1977.0,54.0,97.0,3.0
2018-01-31,4930956,1018.875,49.416666666666664,3.4166666666666665,23.26775000000004,1.0,10.206839652424682,1271.0,1243.0,28.0,98.0,2.0
2018-02-01,4930956,1015.5833333333334,65.16666666666667,3.9166666666666665,33.88700000000002,1.0,22.708237576585745,871.0,828.0,43.0,95.0,5.0
2018-02-02,4930956,1010.125,78.08333333333333,4.458333333333333,32.324750000000044,[7. 8.],10.396616157800173,1711.0,1677.0,34.0,98.0,2.0
2018-02-03,4930956,1025.4583333333333,46.75,3.5833333333333335,15.665004680000031,1.0,12.608734677087954,2429.0,2405.0,24.0,99.0,1.0
2018-02-04,4930956,1024.8333333333333,76.125,2.9583333333333335,31.172000000000036,1.0,11.28382718940923,2187.0,2167.0,20.0,99.0,1.0
2018-02-05,4930956,1007.0416666666666,80.91666666666667,3.625,39.886250000000054,7.0,39.794280943871065,1568.0,1550.0,18.0,99.0,1.0
2018-02-06,4930956,1026.125,57.666666666666664,2.4166666666666665,25.829000000000047,1.0,12.11982225695404,2230.0,2181.0,49.0,98.0,2.0
2018-02-07,4930956,1028.7083333333333,89.0,2.3333333333333335,25.67825000000005,1.0,13.394797135876233,1815.0,1656.0,159.0,91.0,9.0
2018-02-08,4930956,1019.6666666666666,74.16666666666667,4.333333333333333,29.767250000000047,2.0,17.503921090157842,733.0,674.0,59.0,92.0,8.0
2018-02-09,4930956,1031.375,68.25,2.2083333333333335,23.12450000000004,1.0,11.375020900048284,2298.0,2222.0,76.0,97.0,3.0
2018-02-10,4930956,1026.25,85.625,2.625,37.35950000000004,[2. 6.],17.41463479931947,2564.0,2498.0,66.0,97.0,3.0
2018-02-11,4930956,1017.4166666666666,97.125,2.7083333333333335,43.47950000000004,7.0,15.449631629195443,3022.0,2902.0,120.0,96.0,4.0
2018-02-12,4930956,1018.7083333333334,77.25,4.541666666666667,42.32300000000005,2.0,17.914874886400334,3013.0,2889.0,124.0,96.0,4.0
2018-02-13,4930956,1039.7916666666667,54.791666666666664,2.7916666666666665,29.210000000000047,1.0,17.478399257970366,2854.0,2735.0,119.0,96.0,4.0
2018-02-14,4930956,1028.0416666666667,69.70833333333333,2.625,34.45475000000005,1.0,13.891177401258036,1671.0,1453.0,218.0,87.0,13.0
2018-02-15,4930956,1012.5,89.20833333333333,2.2916666666666665,41.19425000000004,6.0,12.586764814928117,885.0,796.0,89.0,90.0,10.0
2018-02-16,4930956,1002.1666666666666,88.33333333333333,2.875,48.18050000000005,6.0,19.319132753348825,1773.0,1612.0,161.0,91.0,9.0
2018-02-17,4930956,1023.4583333333334,53.208333333333336,3.7916666666666665,33.40475000000006,1.0,14.37836137176808,3583.0,3301.0,282.0,92.0,8.0
2018-02-18,4930956,1020.2083333333334,79.25,3.625,34.909250000000036,8.0,16.893014691339655,4535.0,4012.0,523.0,88.0,12.0
2018-02-19,4930956,1032.0,74.5,2.0,33.659000000000034,1.0,12.58497062918695,2568.0,2448.0,120.0,95.0,5.0
2018-02-20,4930956,1024.0833333333333,85.125,4.0,54.27875000000003,7.0,15.504368763687621,2232.0,2169.0,63.0,97.0,3.0
2018-02-21,4930956,1023.375,87.91666666666667,4.041666666666667,56.993000000000045,6.0,26.356953770696986,2315.0,1916.0,399.0,83.0,17.0
2018-02-22,4930956,1033.0833333333333,58.833333333333336,4.0,47.20775000000004,2.0,13.335124842030185,789.0,732.0,57.0,93.0,7.0
2018-02-23,4930956,1036.9583333333333,85.91666666666667,2.0,34.04600000000004,6.0,15.297995828752782,3239.0,3133.0,106.0,97.0,3.0
2018-02-24,4930956,1019.6666666666666,82.29166666666667,3.5416666666666665,44.146250000000045,7.0,13.51305298705582,3495.0,3369.0,126.0,96.0,4.0
2018-02-25,4930956,1023.0416666666666,85.79166666666667,4.041666666666667,39.592250000000035,7.0,21.48533170738679,4000.0,3755.0,245.0,94.0,6.0
2018-02-26,4930956,1016.7083333333334,79.04166666666667,3.4166666666666665,42.12425000000005,6.0,13.446312256050922,3917.0,3711.0,206.0,95.0,5.0
2018-02-27,4930956,1023.6666666666666,49.708333333333336,3.3333333333333335,41.324750000000044,1.0,10.509673964282683,384.0,372.0,12.0,97.0,3.0
2018-02-28,4930956,1017.4583333333334,48.625,4.333333333333333,46.39775000000005,1.0,12.61234925042857,1455.0,1332.0,123.0,92.0,8.0
2018-03-01,4930956,1010.5,60.666666666666664,3.0,48.780500000000025,1.0,14.138785979107295,1410.0,1296.0,114.0,92.0,8.0
2018-03-02,4930956,1000.875,87.375,7.833333333333333,41.23025000000006,7.0,10.581023283825761,2514.0,2441.0,73.0,97.0,3.0
2018-03-03,4930956,1009.7916666666666,66.54166666666667,8.0,40.748000000000026,[2. 7.],18.026481998356157,2918.0,2816.0,102.0,97.0,3.0
2018-03-04,4930956,1018.0833333333334,53.166666666666664,3.75,40.50650000000003,2.0,11.627757831284873,1415.0,1401.0,14.0,99.0,1.0
2018-03-05,4930956,1015.875,72.375,5.25,37.44800000000005,8.0,12.03219232896082,1061.0,1037.0,24.0,98.0,2.0
2018-03-06,4930956,1017.875,65.16666666666667,2.5833333333333335,35.31875000000005,2.0,12.028979106183918,2304.0,2255.0,49.0,98.0,2.0
2018-03-07,4930956,1013.8333333333334,86.0,5.541666666666667,35.094500000000046,8.0,12.90227708091526,1257.0,1184.0,73.0,94.0,6.0
2018-03-08,4930956,1000.2083333333334,94.08333333333333,6.208333333333333,34.37675000000005,8.0,23.659771622373125,1459.0,1306.0,153.0,90.0,10.0
2018-03-09,4930956,1003.0416666666666,74.5,3.2916666666666665,33.22175000000004,2.0,12.001065847116259,3291.0,3219.0,72.0,98.0,2.0
2018-03-10,4930956,1006.4583333333334,59.416666666666664,3.625,35.30600000000004,8.0,11.974128688543312,2202.0,2127.0,75.0,97.0,3.0
2018-03-11,4930956,1013.25,61.0,2.9583333333333335,36.08750000000004,1.0,14.949370937166803,2267.0,2197.0,70.0,97.0,3.0
2018-03-12,4930956,1017.2916666666666,69.70833333333333,3.6666666666666665,34.811000000000035,2.0,24.266077129398138,1162.0,1034.0,128.0,89.0,11.0
2018-03-13,4930956,1002.9166666666666,92.08333333333333,8.583333333333334,33.561500000000045,8.0,15.321577416780109,1047.0,960.0,87.0,92.0,8.0
2018-03-14,4930956,996.4583333333334,80.91666666666667,5.208333333333333,32.84900000000004,8.0,10.789541625649264,2215.0,2135.0,80.0,96.0,4.0
2018-03-15,4930956,994.5416666666666,63.875,4.333333333333333,36.17600000000005,1.0,11.393556457918224,2470.0,2432.0,38.0,98.0,2.0
2018-03-16,4930956,999.3333333333334,54.083333333333336,3.8333333333333335,34.11601250000003,2.0,11.534892536456205,2341.0,2318.0,23.0,99.0,1.0
2018-03-17,4930956,1004.7916666666666,51.0,4.583333333333333,30.854000000000042,1.0,10.939713148783284,1738.0,1692.0,46.0,97.0,3.0
2018-03-18,4930956,1010.0,38.958333333333336,4.083333333333333,22.642250000000043,1.0,26.977359654145626,2742.0,2597.0,145.0,95.0,5.0
2018-03-19,4930956,1012.0416666666666,30.958333333333332,3.7916666666666665,25.96925000000004,1.0,28.405157555821432,1737.0,1433.0,304.0,82.0,18.0
2018-03-20,4930956,1013.7916666666666,47.708333333333336,3.0416666666666665,30.709250000000036,1.0,13.480248289797698,1185.0,1038.0,147.0,88.0,12.0
2018-03-21,4930956,1009.25,67.45833333333333,4.958333333333333,33.984500000000054,2.0,16.486210218539814,2689.0,2572.0,117.0,96.0,4.0
2018-03-22,4930956,1005.2083333333334,91.75,5.375,36.938000000000045,8.0,12.347300661262572,2993.0,2822.0,171.0,94.0,6.0
2018-03-23,4930956,1012.7083333333334,77.66666666666667,2.2916666666666665,37.36775000000004,1.0,13.246376448730578,3468.0,3209.0,259.0,93.0,7.0
2018-03-24,4930956,1016.0416666666666,62.625,3.2916666666666665,39.59399375000004,2.0,13.350671543824943,3503.0,3246.0,257.0,93.0,7.0
2018-03-25,4930956,1026.5,76.45833333333333,3.8333333333333335,35.646500000000046,8.0,20.21316521401934,2709.0,2480.0,229.0,92.0,8.0
2018-03-26,4930956,1039.125,58.583333333333336,3.2916666666666665,33.941000000000045,1.0,26.819748934226386,3257.0,1977.0,1280.0,61.0,39.0
2018-03-27,4930956,1035.3333333333333,54.958333333333336,2.875,34.59650000000004,1.0,26.13810361099308,2222.0,1427.0,795.0,64.0,36.0
2018-03-28,4930956,1018.5833333333334,50.875,1.9166666666666667,42.24875000000005,1.0,10.950001767348809,2713.0,2622.0,91.0,97.0,3.0
2018-03-29,4930956,1016.9166666666666,75.54166666666667,1.8333333333333333,44.161250000000045,6.0,41.35011440047631,2452.0,2353.0,99.0,96.0,4.0
2018-03-30,4930956,1007.75,89.79166666666667,3.4166666666666665,52.112000000000045,6.0,12.737016852489376,2721.0,2639.0,82.0,97.0,3.0
2018-03-31,4930956,1017.9583333333334,39.208333333333336,5.166666666666667,46.94525000000004,1.0,24.56036859152498,3116.0,2983.0,133.0,96.0,4.0
2018-04-01,4930956,1013.9166666666666,35.666666666666664,4.0,48.011000000000045,1.0,86.1276335431783,2625.0,2484.0,141.0,95.0,5.0
2018-04-02,4930956,1019.2916666666666,64.875,2.375,36.85025000000003,1.0,42.922842393758096,2221.0,1805.0,416.0,81.0,19.0
2018-04-03,4930956,1021.0833333333334,80.79166666666667,3.2083333333333335,35.811500000000045,6.0,12.5889097483954,1884.0,1690.0,194.0,90.0,10.0
2018-04-04,4930956,1004.1666666666666,95.08333333333333,3.4583333333333335,44.18600000000004,7.0,11.559343525463468,3383.0,3224.0,159.0,95.0,5.0
2018-04-05,4930956,1008.8333333333334,38.166666666666664,7.0,38.321750000000044,[1. 2.],24.691860407241265,3626.0,3491.0,135.0,96.0,4.0
2018-04-06,4930956,1016.5,63.958333333333336,3.5,32.92550000000005,1.0,12.458922744186395,3902.0,3695.0,207.0,95.0,5.0
2018-04-07,4930956,1007.7083333333334,70.16666666666667,2.9166666666666665,40.19000000000004,6.0,13.930878135050158,3929.0,3722.0,207.0,95.0,5.0
2018-04-08,4930956,1010.4583333333334,52.333333333333336,3.2083333333333335,36.82700000000004,[1. 2.],16.683119534057173,5008.0,4450.0,558.0,89.0,11.0
2018-04-09,4930956,1017.2083333333334,49.125,3.4583333333333335,35.48000000000004,1.0,20.030745830001127,3198.0,2226.0,972.0,70.0,30.0
2018-04-10,4930956,1022.4583333333334,75.95833333333333,1.8333333333333333,37.322750000000035,2.0,21.20561038008237,1129.0,1016.0,113.0,90.0,10.0
2018-04-11,4930956,1020.7916666666666,76.375,1.7083333333333333,36.713000000000044,6.0,14.75599976364636,678.0,649.0,29.0,96.0,4.0
2018-04-12,4930956,1017.4166666666666,68.54166666666667,3.25,43.382750000000044,1.0,14.675623961355898,3705.0,3544.0,161.0,96.0,4.0
2018-04-13,4930956,1010.5833333333334,65.375,3.3333333333333335,55.61450000000002,2.0,15.526044144977831,3977.0,3768.0,209.0,95.0,5.0
2018-04-14,4930956,1016.5,72.45833333333333,2.875,49.71350000000004,2.0,11.94554729198263,2307.0,2244.0,63.0,97.0,3.0
2018-04-15,4930956,1030.7083333333333,74.16666666666667,4.375,36.12350000000003,2.0,16.188663728211417,3889.0,3621.0,268.0,93.0,7.0
2018-04-16,4930956,1020.375,94.29166666666667,6.416666666666667,39.304250000000046,7.0,40.74303268544387,4211.0,2848.0,1363.0,68.0,32.0
2018-04-17,4930956,999.3333333333334,77.25,5.083333333333333,46.526000000000046,6.0,18.25906195969055,4023.0,2801.0,1222.0,70.0,30.0
2018-04-18,4930956,1003.3333333333334,52.166666666666664,4.166666666666667,42.879500000000036,2.0,13.474032757323625,4979.0,4631.0,348.0,93.0,7.0
2018-04-19,4930956,1006.3333333333334,71.95833333333333,2.2916666666666665,40.94300000000006,7.0,14.925322254165293,5393.0,4931.0,462.0,91.0,9.0
2018-04-20,4930956,1014.3333333333334,58.583333333333336,6.25,42.674750000000046,2.0,116.04030499316349,1759.0,1684.0,75.0,96.0,4.0
2018-04-21,4930956,1024.3333333333333,47.125,4.375,46.05398750000004,1.0,14.548750098997232,4505.0,4170.0,335.0,93.0,7.0
2018-04-22,4930956,1026.7083333333333,42.625,3.0,48.148250000000054,1.0,22.509847454146453,3382.0,3103.0,279.0,92.0,8.0
2018-04-23,4930956,1031.25,48.166666666666664,2.5,48.943550000000045,1.0,33.003679451836085,5700.0,3556.0,2144.0,62.0,38.0
2018-04-24,4930956,1028.5416666666667,43.291666666666664,3.5833333333333335,52.958000000000055,1.0,108.28254703609389,2380.0,1942.0,438.0,82.0,18.0
2018-04-25,4930956,1018.75,80.375,3.7083333333333335,52.745000000000054,7.0,12.648877292498073,3137.0,2993.0,144.0,95.0,5.0
2018-04-26,4930956,1003.2083333333334,82.83333333333333,3.625,58.08275000000004,7.0,18.41991229033159,5808.0,5146.0,662.0,89.0,11.0
2018-04-27,4930956,1011.0833333333334,74.875,2.25,52.72700000000004,1.0,29.18762841401333,6907.0,5824.0,1083.0,84.0,16.0
2018-04-28,4930956,1008.3333333333334,76.875,2.125,56.444750000000035,6.0,16.840537814723458,6031.0,5259.0,772.0,87.0,13.0
2018-04-29,4930956,1010.0416666666666,81.16666666666667,2.4166666666666665,54.053000000000054,7.0,15.737860000402685,5659.0,4706.0,953.0,83.0,17.0
2018-04-30,4930956,1012.7083333333334,75.70833333333333,2.5,44.50550000000004,7.0,26.635584574307344,5660.0,3246.0,2414.0,57.0,43.0
2018-05-01,4930956,1015.4166666666666,79.29166666666667,1.9166666666666667,50.27750000000003,2.0,16.200215542939926,3340.0,2314.0,1026.0,69.0,31.0
2018-05-02,4930956,1016.75,42.375,3.2916666666666665,66.76992500000006,1.0,14.747649574620006,5963.0,5138.0,825.0,86.0,14.0
2018-05-03,4930956,1019.0833333333334,50.625,3.4166666666666665,71.99375000000005,2.0,19.323771099769818,6338.0,5558.0,780.0,88.0,12.0
2018-05-04,4930956,1011.0416666666666,73.41666666666667,2.7083333333333335,72.93875000000006,7.0,19.16691760292742,6467.0,5675.0,792.0,88.0,12.0
2018-05-05,4930956,1010.8333333333334,44.458333333333336,4.5,67.79765000000006,1.0,17.25457399217186,6605.0,5707.0,898.0,86.0,14.0
2018-05-06,4930956,1016.7083333333334,60.458333333333336,2.6666666666666665,61.716500000000046,7.0,73.05080006822409,7168.0,5739.0,1429.0,80.0,20.0
2018-05-07,4930956,1017.2916666666666,84.375,2.4166666666666665,55.39992500000003,6.0,198.30606853723307,1875.0,1510.0,365.0,81.0,19.0
2018-05-08,4930956,1024.0,88.5,1.6666666666666667,56.09225000000004,1.0,19.211311091644315,3569.0,2511.0,1058.0,70.0,30.0
2018-05-09,4930956,1022.125,83.29166666666667,2.5833333333333335,59.95925000000005,1.0,18.915010847046076,6836.0,5707.0,1129.0,83.0,17.0
2018-05-10,4930956,1015.9166666666666,86.04166666666667,2.9583333333333335,56.43875000000003,6.0,16.630402451560364,4947.0,4356.0,591.0,88.0,12.0
2018-05-11,4930956,1011.2083333333334,64.66666666666667,3.2916666666666665,61.85450000000005,1.0,23.342613665692866,6192.0,5567.0,625.0,90.0,10.0
2018-05-12,4930956,1021.0833333333334,80.66666666666667,2.625,50.64200000000003,7.0,29.58725190549036,7074.0,5991.0,1083.0,85.0,15.0
2018-05-13,4930956,1021.0416666666666,86.45833333333333,1.75,50.35850000000005,6.0,29.138894476251284,7030.0,5281.0,1749.0,75.0,25.0
2018-05-14,4930956,1016.25,79.33333333333333,2.6666666666666665,56.61050000000003,2.0,21.138953303936884,2158.0,1703.0,455.0,79.0,21.0
2018-05-15,4930956,1010.4583333333334,80.0,4.166666666666667,65.82350000000007,1.0,31.246622628267392,4217.0,2689.0,1528.0,64.0,36.0
2018-05-16,4930956,1018.7083333333334,85.08333333333333,3.125,57.253250000000044,1.0,26.42259194020795,7284.0,5970.0,1314.0,82.0,18.0
2018-05-17,4930956,1016.8333333333334,89.125,1.6666666666666667,59.39675000000003,7.0,74.205369540615,5521.0,5008.0,513.0,91.0,9.0
2018-05-18,4930956,1024.6666666666667,71.25,3.9166666666666665,58.802000000000056,1.0,28.599590961345328,7578.0,6445.0,1133.0,85.0,15.0
2018-05-19,4930956,1028.5416666666667,84.20833333333333,3.25,48.684500000000035,[1. 7.],19.907657399547414,7474.0,6300.0,1174.0,84.0,16.0
2018-05-20,4930956,1014.125,90.04166666666667,4.0,64.00925000000005,7.0,25.663694045006633,7514.0,5709.0,1805.0,76.0,24.0
2018-05-21,4930956,1018.3333333333334,63.916666666666664,3.0,64.68125000000006,1.0,38.756636023046774,5385.0,2719.0,2666.0,50.0,50.0
2018-05-22,4930956,1020.125,69.79166666666667,2.4166666666666665,61.00250000000006,7.0,46.675436122384504,2734.0,1689.0,1045.0,62.0,38.0
2018-05-23,4930956,1012.5416666666666,75.54166666666667,2.75,63.524000000000036,2.0,24.091756789652234,3457.0,2334.0,1123.0,68.0,32.0
2018-05-24,4930956,1017.2083333333334,76.79166666666667,2.9166666666666665,63.131000000000036,1.0,27.128177104992133,7301.0,6106.0,1195.0,84.0,16.0
2018-05-25,4930956,1013.9166666666666,60.916666666666664,4.291666666666667,67.46225000000004,1.0,157.1873526617193,7410.0,6374.0,1036.0,86.0,14.0
2018-05-26,4930956,1007.25,56.791666666666664,3.375,77.16725000000002,1.0,22.716086060246237,7411.0,6285.0,1126.0,85.0,15.0
2018-05-27,4930956,1019.2916666666666,79.20833333333333,4.166666666666667,59.120750000000065,7.0,57.36120644209064,6714.0,5665.0,1049.0,84.0,16.0
2018-05-28,4930956,1024.25,93.54166666666667,3.4166666666666665,53.75022500000003,7.0,40.3273166403306,4911.0,3304.0,1607.0,67.0,33.0
2018-05-29,4930956,1014.9166666666666,75.66666666666667,2.625,67.99325000000003,2.0,117.98760501241503,5184.0,3208.0,1976.0,62.0,38.0
2018-05-30,4930956,1020.4583333333334,55.75,2.5416666666666665,67.92575000000005,1.0,14.67567179805846,2869.0,2669.0,200.0,93.0,7.0
2018-05-31,4930956,1018.375,64.25,2.5833333333333335,66.24125000000005,1.0,27.35105730608168,5747.0,5241.0,506.0,91.0,9.0
2018-06-01,4930956,1011.0416666666666,81.25,2.2083333333333335,70.55225000000003,2.0,26.571688565562127,7066.0,6217.0,849.0,88.0,12.0
2018-06-02,4930956,1006.7916666666666,82.75,2.625,74.44737500000008,6.0,18.733898175207823,7637.0,6425.0,1212.0,84.0,16.0
2018-06-03,4930956,1017.3333333333334,63.958333333333336,3.625,59.717750000000045,1.0,44.766021698311796,8003.0,6319.0,1684.0,79.0,21.0
2018-06-04,4930956,1012.6666666666666,85.45833333333333,3.7083333333333335,51.03200000000002,7.0,67.65542636225666,6601.0,3813.0,2788.0,58.0,42.0
2018-06-05,4930956,1005.125,88.95833333333333,3.125,54.47225000000003,6.0,26.46476197573583,6054.0,3576.0,2478.0,59.0,41.0
2018-06-06,4930956,1009.125,80.25,2.6666666666666665,57.30275000000004,2.0,20.426459893841326,7285.0,6238.0,1047.0,86.0,14.0
2018-06-07,4930956,1017.7916666666666,77.20833333333333,2.6666666666666665,60.85850000000002,2.0,17.826030826118778,8205.0,6902.0,1303.0,84.0,16.0
2018-06-08,4930956,1019.75,68.79166666666667,2.5833333333333335,65.02700000000004,2.0,18.773122555852087,7426.0,6564.0,862.0,88.0,12.0
2018-06-09,4930956,1018.9166666666666,62.416666666666664,2.375,68.62025000000003,2.0,23.572236876995518,8028.0,6818.0,1210.0,85.0,15.0
2018-06-10,4930956,1017.625,49.833333333333336,2.2916666666666665,65.96000000000005,1.0,33.66667328086222,7127.0,5853.0,1274.0,82.0,18.0
2018-06-11,4930956,1018.2083333333334,58.958333333333336,2.5416666666666665,61.03025000000003,[1. 2.],105.41889804747687,6551.0,3836.0,2715.0,59.0,41.0
2018-06-12,4930956,1020.125,53.875,3.875,63.05525000000005,1.0,58.070205180800606,5678.0,3393.0,2285.0,60.0,40.0
2018-06-13,4930956,1013.375,63.958333333333336,3.4166666666666665,65.99750000000004,1.0,22.023326491830705,6630.0,5696.0,934.0,86.0,14.0
2018-06-14,4930956,1004.0416666666666,62.125,3.6666666666666665,71.24075000000005,2.0,32.152785073139945,7971.0,6741.0,1230.0,85.0,15.0
2018-06-15,4930956,1011.4583333333334,76.45833333333333,2.3333333333333335,61.55300000000005,2.0,26.488760830165877,8566.0,7240.0,1326.0,85.0,15.0
2018-06-16,4930956,1014.125,67.75,2.2083333333333335,66.68150000000006,1.0,20.072831833305507,8696.0,7189.0,1507.0,83.0,17.0
2018-06-17,4930956,1017.0,63.583333333333336,2.125,71.48750000000007,1.0,21.78022233326441,8769.0,6938.0,1831.0,79.0,21.0
2018-06-18,4930956,1014.1666666666666,64.58333333333333,3.9583333333333335,74.62250000000002,1.0,44.75709755010391,4574.0,3209.0,1365.0,70.0,30.0
2018-06-19,4930956,1005.9166666666666,67.66666666666667,3.6666666666666665,75.30875000000005,1.0,27.5958538416663,5286.0,3271.0,2015.0,62.0,38.0
2018-06-20,4930956,1010.8333333333334,58.291666666666664,2.4583333333333335,68.68775000000004,1.0,20.25643131492692,8119.0,6857.0,1262.0,84.0,16.0
2018-06-21,4930956,1007.875,75.79166666666667,2.4583333333333335,70.32650000000005,1.0,35.32984911995724,9177.0,7626.0,1551.0,83.0,17.0
2018-06-22,4930956,1015.4583333333334,76.5,2.625,65.47700000000005,1.0,19.45113614396541,8284.0,7020.0,1264.0,85.0,15.0
2018-06-23,4930956,1015.4583333333334,75.54166666666667,2.875,61.143500000000046,1.0,16.65427744957164,4429.0,3981.0,448.0,90.0,10.0
2018-06-24,4930956,1009.625,84.125,2.7083333333333335,64.30325000000006,6.0,77.50298659297825,8040.0,6407.0,1633.0,80.0,20.0
2018-06-25,4930956,1011.4166666666666,83.04166666666667,3.25,67.95200000000004,7.0,42.415270398271055,5901.0,3624.0,2277.0,61.0,39.0
2018-06-26,4930956,1022.4166666666666,66.45833333333333,1.9583333333333333,63.313250000000046,1.0,38.01633780770647,5119.0,3158.0,1961.0,62.0,38.0
2018-06-27,4930956,1019.5416666666666,69.04166666666667,3.6666666666666665,68.35625000000006,1.0,53.929217984408524,7811.0,6249.0,1562.0,80.0,20.0
2018-06-28,4930956,1012.0416666666666,88.125,3.3333333333333335,69.29525000000005,7.0,36.22492828020478,7108.0,5872.0,1236.0,83.0,17.0
2018-06-29,4930956,1011.2916666666666,77.95833333333333,2.25,75.79250000000003,6.0,200.6256683230565,6668.0,3752.0,2916.0,56.0,44.0
2018-06-30,4930956,1015.6666666666666,65.66666666666667,1.7916666666666667,78.62600000000003,1.0,27.538044026458092,6946.0,5497.0,1449.0,79.0,21.0
2018-07-01,4930956,1015.6666666666666,70.08333333333333,2.25,81.79925000000004,1.0,68.0343643183062,6330.0,5010.0,1320.0,79.0,21.0
2018-07-02,4930956,1018.625,74.25,2.375,78.35975000000003,1.0,81.61210921545693,6989.0,3967.0,3022.0,57.0,43.0
2018-07-03,4930956,1020.0,73.66666666666667,2.375,81.50825000000005,[1. 6.],80.66496178245723,6561.0,3797.0,2764.0,58.0,42.0
2018-07-04,4930956,1024.8333333333333,67.20833333333333,1.8333333333333333,82.22600000000004,1.0,47.196175057781055,8384.0,7023.0,1361.0,84.0,16.0
2018-07-05,4930956,1024.125,73.33333333333333,2.0416666666666665,81.09950000000003,6.0,28.721619760616047,8277.0,7092.0,1185.0,86.0,14.0
2018-07-06,4930956,1015.8333333333334,76.16666666666667,3.7916666666666665,79.21025000000004,2.0,30.594444419435536,9291.0,7703.0,1588.0,83.0,17.0
2018-07-07,4930956,1024.5,51.5,3.125,67.93475000000007,1.0,39.656181332801616,9634.0,7954.0,1680.0,83.0,17.0
2018-07-08,4930956,1026.7083333333333,64.25,1.875,68.90825000000005,1.0,28.019373269848575,9417.0,7190.0,2227.0,76.0,24.0
2018-07-09,4930956,1021.4166666666666,62.041666666666664,3.125,73.47950000000004,1.0,47.4403376922428,7621.0,4286.0,3335.0,56.0,44.0
2018-07-10,4930956,1013.1666666666666,60.958333333333336,3.375,77.82725000000005,1.0,32.348254837156794,6770.0,4011.0,2759.0,59.0,41.0
2018-07-11,4930956,1013.9583333333334,61.916666666666664,3.125,74.15375000000004,2.0,59.94043803474239,8882.0,7316.0,1566.0,82.0,18.0
2018-07-12,4930956,1020.5833333333334,60.791666666666664,2.2083333333333335,67.94675000000005,1.0,22.492741463283362,4935.0,4320.0,615.0,88.0,12.0
2018-07-13,4930956,1023.4166666666666,58.375,2.2083333333333335,70.16150000000006,[1. 2.],27.705003901506075,9449.0,7945.0,1504.0,84.0,16.0
2018-07-14,4930956,1021.375,69.0,2.7916666666666665,69.01550000000005,2.0,25.352195061697817,9581.0,7875.0,1706.0,82.0,18.0
2018-07-15,4930956,1015.6666666666666,82.54166666666667,1.9583333333333333,72.81500000000005,7.0,32.88245604148086,9638.0,7380.0,2258.0,77.0,23.0
2018-07-16,4930956,1015.0833333333334,84.58333333333333,2.0,74.63675000000005,6.0,54.27022978269148,8015.0,4226.0,3789.0,53.0,47.0
2018-07-17,4930956,1010.9583333333334,86.04166666666667,2.9166666666666665,76.91975000000006,1.0,106.81301791560513,3273.0,2389.0,884.0,73.0,27.0
2018-07-18,4930956,1010.75,72.08333333333333,3.375,73.54850000000006,[2. 7.],32.757000757089095,7950.0,6823.0,1127.0,86.0,14.0
2018-07-19,4930956,1017.5,61.625,2.0416666666666665,68.39450000000004,1.0,31.60133055041949,8952.0,7653.0,1299.0,85.0,15.0
2018-07-20,4930956,1020.9166666666666,64.75,2.6666666666666665,70.44275000000005,1.0,24.261729088015446,8034.0,6922.0,1112.0,86.0,14.0
2018-07-21,4930956,1021.0833333333334,71.375,2.6666666666666665,67.75025000000007,2.0,38.64219130356811,7610.0,6394.0,1216.0,84.0,16.0
2018-07-22,4930956,1019.0833333333334,86.875,3.25,69.70025000000004,[2. 7.],52.17593871142557,9269.0,7016.0,2253.0,76.0,24.0
2018-07-23,4930956,1022.25,88.5,3.0416666666666665,76.86050000000004,7.0,109.52981778960218,7588.0,4129.0,3459.0,54.0,46.0
2018-07-24,4930956,1024.4583333333333,77.875,2.8333333333333335,78.18875000000004,2.0,31.34449090689289,7445.0,4054.0,3391.0,54.0,46.0
2018-07-25,4930956,1019.5,83.79166666666667,3.3333333333333335,77.51600000000006,2.0,73.03705865111573,9346.0,7390.0,1956.0,79.0,21.0
2018-07-26,4930956,1011.5833333333334,87.41666666666667,3.2083333333333335,75.98000000000002,7.0,23.694115427978826,9885.0,7699.0,2186.0,78.0,22.0
2018-07-27,4930956,1014.2083333333334,81.70833333333333,2.25,76.86350000000004,2.0,29.09772321812247,9404.0,7445.0,1959.0,79.0,21.0
2018-07-28,4930956,1015.5833333333334,79.33333333333333,2.3333333333333335,77.50925000000004,2.0,118.03908336603602,8808.0,7025.0,1783.0,80.0,20.0
2018-07-29,4930956,1016.2916666666666,76.16666666666667,2.3333333333333335,74.98400000000005,2.0,31.558800514656635,8512.0,6264.0,2248.0,74.0,26.0
2018-07-30,4930956,1019.875,72.41666666666667,1.875,71.79350000000004,1.0,52.62839667428671,5087.0,2772.0,2315.0,54.0,46.0
2018-07-31,4930956,1019.5833333333334,70.70833333333333,2.0416666666666665,74.27975000000006,1.0,33.70576632654071,6990.0,3674.0,3316.0,53.0,47.0
2018-08-01,4930956,1019.4583333333334,82.58333333333333,3.125,73.28300000000003,2.0,87.92936954989968,7954.0,6310.0,1644.0,79.0,21.0
2018-08-02,4930956,1017.1666666666666,79.04166666666667,3.25,82.23650000000005,2.0,21.629620014029673,8481.0,6729.0,1752.0,79.0,21.0
2018-08-03,4930956,1020.0,80.04166666666667,3.375,80.42225000000003,2.0,27.311448320423352,7587.0,6196.0,1391.0,82.0,18.0
2018-08-04,4930956,1019.7083333333334,90.58333333333333,3.125,75.81800000000005,[2. 7.],30.277890779454072,8563.0,6643.0,1920.0,78.0,22.0
2018-08-05,4930956,1019.125,80.41666666666667,2.0416666666666665,76.06175000000003,6.0,41.44915315724639,8957.0,6501.0,2456.0,73.0,27.0
2018-08-06,4930956,1017.9166666666666,77.95833333333333,1.6666666666666667,80.38625000000005,1.0,66.35027524663283,3124.0,2138.0,986.0,68.0,32.0
2018-08-07,4930956,1014.5833333333334,77.29166666666667,2.125,82.11329375750006,1.0,36.401295851538144,3515.0,2383.0,1132.0,68.0,32.0
2018-08-08,4930956,1012.2916666666666,84.91666666666667,1.8333333333333333,79.11725000000003,2.0,118.34719760711823,6045.0,4987.0,1058.0,82.0,18.0
2018-08-09,4930956,1007.75,83.45833333333333,2.9583333333333335,78.45050000000005,6.0,22.582016757814944,8093.0,6637.0,1456.0,82.0,18.0
2018-08-10,4930956,1010.5416666666666,70.25,2.875,75.90500000000007,1.0,32.84138520335534,8826.0,6975.0,1851.0,79.0,21.0
2018-08-11,4930956,1015.9130434782609,87.26086956521739,2.0869565217391304,70.26800000000003,7.0,22.457074896000208,8359.0,6555.0,1804.0,78.0,22.0
2018-08-12,4930956,1018.125,95.04166666666667,2.7083333333333335,70.18025000000006,4.0,67.6776356078076,7607.0,5683.0,1924.0,75.0,25.0
2018-08-13,4930956,1018.5416666666666,94.75,3.125,68.93450000000003,6.0,35.57795888480611,5076.0,2916.0,2160.0,57.0,43.0
2018-08-14,4930956,1013.0416666666666,94.875,2.4166666666666665,73.67225000000005,4.0,28.89892900253494,6709.0,3624.0,3085.0,54.0,46.0
2018-08-15,4930956,1010.3333333333334,84.20833333333333,2.625,75.14900000000003,6.0,27.724072423334217,8645.0,6727.0,1918.0,78.0,22.0
2018-08-16,4930956,1014.5833333333334,79.375,2.7083333333333335,78.83225000000006,1.0,87.31260838796709,8998.0,7143.0,1855.0,79.0,21.0
2018-08-17,4930956,1018.0416666666666,82.33333333333333,1.9166666666666667,75.13250000000004,[1. 6.],34.17662311015779,6587.0,5334.0,1253.0,81.0,19.0
2018-08-18,4930956,1010.3333333333334,90.79166666666667,2.375,76.31000000000003,7.0,41.921937920697054,9077.0,7049.0,2028.0,78.0,22.0
2018-08-19,4930956,1015.0833333333334,80.375,4.666666666666667,68.59550000000006,2.0,51.927423098794485,8635.0,6297.0,2338.0,73.0,27.0
2018-08-20,4930956,1020.2916666666666,82.95833333333333,3.7916666666666665,68.33112500000006,2.0,219.39285217749955,7518.0,3958.0,3560.0,53.0,47.0
2018-08-21,4930956,1020.7083333333334,85.54166666666667,2.3333333333333335,66.50952500000004,2.0,55.885472928220146,6780.0,3794.0,2986.0,56.0,44.0
2018-08-22,4930956,1008.7083333333334,88.16666666666667,3.0416666666666665,69.58325000000005,7.0,19.05965998917512,8208.0,6763.0,1445.0,82.0,18.0
2018-08-23,4930956,1010.6666666666666,68.16666666666667,3.25,69.39087500000004,1.0,26.46656145586329,8315.0,6821.0,1494.0,82.0,18.0
2018-08-24,4930956,1020.0833333333334,76.125,2.125,67.38500000000003,1.0,24.72824282268167,7969.0,6621.0,1348.0,83.0,17.0
2018-08-25,4930956,1024.5416666666667,80.0,2.875,71.03525000000005,1.0,42.77504159174753,8714.0,7001.0,1713.0,80.0,20.0
2018-08-26,4930956,1020.5833333333334,79.83333333333333,2.8333333333333335,69.25175000000003,2.0,119.37426238820787,8790.0,6570.0,2220.0,75.0,25.0
2018-08-27,4930956,1016.625,76.625,2.3333333333333335,76.82150000000006,1.0,105.5660482276865,6791.0,3608.0,3183.0,53.0,47.0
2018-08-28,4930956,1015.4583333333334,78.95833333333333,2.7916666666666665,80.36150000000005,1.0,30.97514142925934,7732.0,3491.0,4241.0,45.0,55.0
2018-08-29,4930956,1013.75,70.91666666666667,2.9166666666666665,85.25375000000007,1.0,34.16100083102096,6724.0,3942.0,2782.0,59.0,41.0
2018-08-30,4930956,1014.2916666666666,77.41666666666667,2.8333333333333335,80.80850000000005,[1. 2.],23.39472822102932,9387.0,7548.0,1839.0,80.0,20.0
2018-08-31,4930956,1024.7083333333333,69.25,4.0,69.82700000000006,2.0,22.17133944449886,9578.0,8030.0,1548.0,84.0,16.0
2018-09-01,4930956,1027.1666666666667,77.79166666666667,2.25,64.98650000000002,1.0,17.47533390849094,7581.0,6505.0,1076.0,86.0,14.0
2018-09-02,4930956,1024.8333333333333,75.83333333333333,2.625,69.23450000000007,1.0,40.91345394300432,9969.0,8005.0,1964.0,80.0,20.0
2018-09-03,4930956,1022.4166666666666,75.75,3.2083333333333335,78.77825000000004,1.0,45.817566090965904,7510.0,4854.0,2656.0,65.0,35.0
2018-09-04,4930956,1021.7916666666666,79.45833333333333,2.4166666666666665,80.84375000000004,1.0,67.54245077200818,6336.0,4241.0,2095.0,67.0,33.0
2018-09-05,4930956,1023.2083333333334,80.16666666666667,2.9166666666666665,76.19375000000005,1.0,36.004480474967146,5861.0,5212.0,649.0,89.0,11.0
2018-09-06,4930956,1019.5,79.04166666666667,3.75,78.70175000000003,1.0,16.83095912738678,8478.0,7333.0,1145.0,86.0,14.0
2018-09-07,4930956,1022.0833333333334,75.54166666666667,2.0416666666666665,69.53150000000007,[2. 7.],27.981375088819167,7479.0,6633.0,846.0,89.0,11.0
2018-09-08,4930956,1020.75,77.5,2.2083333333333335,64.25600000000004,1.0,16.74770070039313,9411.0,7940.0,1471.0,84.0,16.0
2018-09-09,4930956,1025.375,73.29166666666667,2.25,57.66875000000004,1.0,39.60762529643057,9931.0,7760.0,2171.0,78.0,22.0
2018-09-10,4930956,1027.5416666666667,86.16666666666667,3.0833333333333335,58.90325000000005,1.0,26.98938671767262,8269.0,4894.0,3375.0,59.0,41.0
2018-09-11,4930956,1021.3333333333334,90.375,3.125,67.06625000000004,7.0,49.794642603930335,7921.0,5025.0,2896.0,63.0,37.0
2018-09-12,4930956,1023.8333333333334,92.375,1.9166666666666667,68.71850000000005,7.0,39.596043852421126,9206.0,7781.0,1425.0,85.0,15.0
2018-09-13,4930956,1025.875,89.16666666666667,1.75,67.01525000000005,7.0,16.034148690755334,6104.0,5560.0,544.0,91.0,9.0
2018-09-14,4930956,1024.9583333333333,88.125,1.25,67.59650000000003,6.0,36.47590657443373,8531.0,7519.0,1012.0,88.0,12.0
2018-09-15,4930956,1023.0,91.20833333333333,1.75,67.09700000000004,6.0,18.005087202467443,9217.0,7917.0,1300.0,86.0,14.0
2018-09-16,4930956,1022.2083333333334,83.625,1.7083333333333333,70.02500000000005,4.0,27.252059678560723,9415.0,7594.0,1821.0,81.0,19.0
2018-09-17,4930956,1020.2083333333334,82.16666666666667,2.875,72.03425000000003,1.0,25.303917371244548,7902.0,4943.0,2959.0,63.0,37.0
2018-09-18,4930956,1010.125,92.125,3.0,71.70800000000007,7.0,21.33214808391475,6682.0,4534.0,2148.0,68.0,32.0
2018-09-19,4930956,1011.875,90.875,3.0833333333333335,64.82300000000005,6.0,17.20866654535462,7723.0,6783.0,940.0,88.0,12.0
2018-09-20,4930956,1022.1666666666666,80.20833333333333,2.875,61.65725000000006,7.0,20.106907140006843,4049.0,3754.0,295.0,93.0,7.0
2018-09-21,4930956,1023.75,84.95833333333333,2.2916666666666665,62.61200000000005,2.0,20.468431877660496,8744.0,7557.0,1187.0,86.0,14.0
2018-09-22,4930956,1015.9166666666666,68.75,4.041666666666667,68.39525000000003,2.0,20.10112744035654,9079.0,7732.0,1347.0,85.0,15.0
2018-09-23,4930956,1024.25,80.75,1.5416666666666667,55.35575000000005,1.0,24.125643250504964,5684.0,4675.0,1009.0,82.0,18.0
2018-09-24,4930956,1032.0,77.83333333333333,3.5833333333333335,53.56925000000006,2.0,26.270788976643512,7729.0,4661.0,3068.0,60.0,40.0
2018-09-25,4930956,1033.0833333333333,89.29166666666667,2.9166666666666665,54.63125000000005,7.0,138.72695286886312,7342.0,4722.0,2620.0,64.0,36.0
2018-09-26,4930956,1016.6666666666666,88.95833333333333,4.5,72.95525000000005,7.0,21.408706776300786,6573.0,5708.0,865.0,87.0,13.0
2018-09-27,4930956,1017.4166666666666,77.91666666666667,2.875,67.08125000000003,[1. 7.],14.281899862785059,4917.0,4492.0,425.0,91.0,9.0
2018-09-28,4930956,1019.5833333333334,89.375,2.7083333333333335,58.33925000000006,7.0,34.796539926644776,8032.0,7129.0,903.0,89.0,11.0
2018-09-29,4930956,1020.0833333333334,83.16666666666667,2.75,58.37525000000005,[2. 6.],42.04557861460149,8806.0,7558.0,1248.0,86.0,14.0
2018-09-30,4930956,1025.695652173913,77.82608695652173,2.391304347826087,56.6279130434783,6.0,41.64463252441824,8034.0,6310.0,1724.0,79.0,21.0
2018-10-01,4930956,1026.2083333333333,90.95833333333333,2.0833333333333335,57.435500000000054,2.0,59.290360637891546,6855.0,4059.0,2796.0,59.0,41.0
2018-10-02,4930956,1024.2083333333333,94.83333333333333,2.3333333333333335,57.01850000000005,7.0,140.76861167712227,5514.0,3349.0,2165.0,61.0,39.0
2018-10-03,4930956,1016.7916666666666,91.66666666666667,2.0833333333333335,58.85900000000004,7.0,31.685669968375624,5605.0,4513.0,1092.0,81.0,19.0
2018-10-04,4930956,1016.4166666666666,87.375,2.375,63.15425000000004,6.0,64.28207986513873,8885.0,7545.0,1340.0,85.0,15.0
2018-10-05,4930956,1019.4583333333334,75.83333333333333,2.5833333333333335,60.972500000000046,1.0,44.802632547172855,9507.0,7967.0,1540.0,84.0,16.0
2018-10-06,4930956,1023.625,86.79166666666667,2.0416666666666665,52.220000000000056,2.0,25.410913840526813,5603.0,5049.0,554.0,90.0,10.0
2018-10-07,4930956,1021.0416666666666,86.20833333333333,3.2916666666666665,65.75000000000006,2.0,61.9478023099239,7296.0,5947.0,1349.0,82.0,18.0
2018-10-08,4930956,1030.4583333333333,87.375,2.7083333333333335,57.20225000000005,6.0,55.51757489534043,4034.0,3001.0,1033.0,74.0,26.0
2018-10-09,4930956,1026.5,87.20833333333333,3.25,64.62050000000005,6.0,38.51280759637293,5739.0,3877.0,1862.0,68.0,32.0
2018-10-10,4930956,1018.7083333333334,83.95833333333333,2.8333333333333335,73.47125000000004,2.0,28.345020688539236,7148.0,6257.0,891.0,88.0,12.0
2018-10-11,4930956,1010.0,92.83333333333333,2.625,66.55400000000006,7.0,33.49970396980946,7931.0,7011.0,920.0,88.0,12.0
2018-10-12,4930956,1000.6666666666666,82.45833333333333,3.5,58.27925000000005,7.0,30.024840961689396,7638.0,6736.0,902.0,88.0,12.0
2018-10-13,4930956,1008.8333333333334,88.66666666666667,2.5,47.92925000000005,7.0,22.650046611935277,6507.0,5890.0,617.0,91.0,9.0
2018-10-14,4930956,1019.9583333333334,82.33333333333333,2.375,46.21325000000005,1.0,35.23969287058254,7598.0,6286.0,1312.0,83.0,17.0
2018-10-15,4930956,1019.375,93.04166666666667,3.5416666666666665,48.19100000000005,6.0,26.601969619609307,6951.0,4279.0,2672.0,62.0,38.0
2018-10-16,4930956,1012.75,59.625,5.0,55.37525000000005,1.0,16.525399595255475,4056.0,3078.0,978.0,76.0,24.0
2018-10-17,4930956,1012.375,71.70833333333333,4.166666666666667,47.22425000000003,[1. 2.],35.38042701336487,6491.0,5792.0,699.0,89.0,11.0
2018-10-18,4930956,1019.1666666666666,58.458333333333336,5.375,42.341750000000054,2.0,16.405232979628185,5857.0,5304.0,553.0,91.0,9.0
2018-10-19,4930956,1021.3333333333334,65.20833333333333,2.5,42.498500000000035,1.0,15.87958593883013,6308.0,5746.0,562.0,91.0,9.0
2018-10-20,4930956,1005.625,62.25,3.3333333333333335,57.315500000000064,2.0,14.165080155417916,6675.0,6008.0,667.0,90.0,10.0
2018-10-21,4930956,1006.4166666666666,64.45833333333333,5.125,45.767750000000035,2.0,17.558146769351104,6495.0,5644.0,851.0,87.0,13.0
2018-10-22,4930956,1020.0416666666666,67.0,3.75,37.46825000000003,2.0,14.300902165779243,681.0,597.0,84.0,88.0,12.0
2018-10-23,4930956,1019.2083333333334,81.41666666666667,3.0,45.341000000000044,2.0,42.745939488397475,4358.0,3237.0,1121.0,74.0,26.0
2018-10-24,4930956,1013.5,84.41666666666667,3.75,44.639000000000046,7.0,13.871902130104937,5496.0,5031.0,465.0,92.0,8.0
2018-10-25,4930956,1016.625,72.125,5.166666666666667,40.847750000000055,[1. 2.],13.65810945948502,7592.0,6980.0,612.0,92.0,8.0
2018-10-26,4930956,1018.25,56.416666666666664,3.75,37.82525000000004,1.0,16.643257400897312,7606.0,6527.0,1079.0,86.0,14.0
2018-10-27,4930956,1017.2083333333334,85.125,3.9166666666666665,43.50200000000004,7.0,21.78525931164018,6724.0,5994.0,730.0,89.0,11.0
2018-10-28,4930956,1006.125,89.45833333333333,3.2916666666666665,47.05550000000005,7.0,25.16720110872215,5239.0,4438.0,801.0,85.0,15.0
2018-10-29,4930956,1006.7916666666666,90.04166666666667,2.9583333333333335,49.71725000000003,7.0,23.149181354458264,3369.0,2599.0,770.0,77.0,23.0
2018-10-30,4930956,1013.0416666666666,73.66666666666667,4.041666666666667,43.999250000000046,2.0,300.91380420033516,6041.0,4703.0,1338.0,78.0,22.0
2018-10-31,4930956,1018.5,83.41666666666667,2.4166666666666665,39.340250000000054,1.0,46.16764219948458,4921.0,4478.0,443.0,91.0,9.0
2018-11-01,4930956,1012.5416666666666,85.45833333333333,2.2916666666666665,56.94200000000006,2.0,26.605019043461823,4851.0,4436.0,415.0,91.0,9.0
2018-11-02,4930956,1008.0,90.04166666666667,3.2916666666666665,59.44700000000007,7.0,29.05895267500519,7693.0,6835.0,858.0,89.0,11.0
2018-11-03,4930956,1004.625,83.45833333333333,4.875,58.55000000000002,7.0,15.619094564801983,6751.0,5973.0,778.0,88.0,12.0
2018-11-04,4930956,1027.7083333333333,57.875,3.3333333333333335,46.143500000000046,1.0,24.16997514782874,4113.0,3642.0,471.0,89.0,11.0
2018-11-05,4930956,1033.2083333333333,82.25,2.7083333333333335,42.47975000000004,6.0,60.243366342309166,3185.0,2552.0,633.0,80.0,20.0
2018-11-06,4930956,1016.875,92.29166666666667,3.375,49.37675000000004,7.0,32.66438130273387,3964.0,3263.0,701.0,82.0,18.0
2018-11-07,4930956,1010.25,76.45833333333333,3.625,56.51750000000005,7.0,14.672075950438106,4691.0,4100.0,591.0,87.0,13.0
2018-11-08,4930956,1019.3333333333334,76.0,2.6666666666666665,49.189250000000044,1.0,18.304979990787157,4474.0,4209.0,265.0,94.0,6.0
2018-11-09,4930956,1026.1666666666667,82.70833333333333,3.2083333333333335,40.406000000000056,2.0,16.49814392158731,4725.0,4457.0,268.0,94.0,6.0
2018-11-10,4930956,1009.8333333333334,77.45833333333333,5.5,46.21700000000004,7.0,12.00470076498665,3399.0,3175.0,224.0,93.0,7.0
2018-11-11,4930956,1021.5416666666666,49.666666666666664,2.9166666666666665,37.35275000000005,1.0,38.427725081714456,3180.0,2798.0,382.0,88.0,12.0
2018-11-12,4930956,1028.9166666666667,67.16666666666667,2.375,35.931500000000035,1.0,22.929355590745732,3454.0,2647.0,807.0,77.0,23.0
2018-11-13,4930956,1018.4583333333334,86.79166666666667,3.7083333333333335,45.26225000000005,7.0,17.07351411418756,3157.0,2695.0,462.0,85.0,15.0
2018-11-14,4930956,1020.4583333333334,56.083333333333336,4.666666666666667,36.02225000000005,1.0,15.52298742780458,3234.0,3047.0,187.0,94.0,6.0
2018-11-15,4930956,1034.7083333333333,63.25,2.75,25.732250000000036,1.0,25.184282741862955,2782.0,2625.0,157.0,94.0,6.0
2018-11-16,4930956,1008.9166666666666,86.25,6.083333333333333,35.23175000000004,7.0,55.23693404668298,2307.0,2103.0,204.0,91.0,9.0
2018-11-17,4930956,1013.8333333333334,92.08333333333333,2.625,39.56075000000005,1.0,14.550917859243178,621.0,556.0,65.0,90.0,10.0
2018-11-18,4930956,1028.5,75.91666666666667,2.0,37.14736250000003,2.0,14.898748298080363,1329.0,1151.0,178.0,87.0,13.0
2018-11-19,4930956,1028.1666666666667,94.33333333333333,1.2083333333333333,37.43142500000005,7.0,39.04904359648359,2059.0,1642.0,417.0,80.0,20.0
2018-11-20,4930956,1013.125,89.0,3.3333333333333335,37.285250000000055,7.0,24.056568531081115,3004.0,2751.0,253.0,92.0,8.0
2018-11-21,4930956,1014.0,80.45833333333333,3.9583333333333335,33.590000000000046,[1. 7.],11.896656965899638,3614.0,3427.0,187.0,95.0,5.0
2018-11-22,4930956,1022.5416666666666,40.125,4.708333333333333,19.843250000000033,1.0,14.705542140321311,5005.0,4726.0,279.0,94.0,6.0
2018-11-23,4930956,1032.2916666666667,52.916666666666664,3.625,18.43325000000004,1.0,16.6736670351868,4927.0,4671.0,256.0,95.0,5.0
2018-11-24,4930956,1023.2083333333334,65.875,3.875,32.20700000000004,1.0,24.835369023370657,4753.0,4410.0,343.0,93.0,7.0
2018-11-25,4930956,1009.9583333333334,89.91666666666667,3.3333333333333335,41.554250000000046,7.0,47.71185642311178,3991.0,3428.0,563.0,86.0,14.0
2018-11-26,4930956,1015.0833333333334,92.33333333333333,3.1666666666666665,42.083300000000044,7.0,45.91066837824232,1980.0,1611.0,369.0,81.0,19.0
2018-11-27,4930956,994.5833333333334,81.625,7.25,41.97275000000003,7.0,48.69598166579598,3451.0,3174.0,277.0,92.0,8.0
2018-11-28,4930956,991.875,64.5,6.291666666666667,37.50875000000005,2.0,20.899301026744077,4963.0,4625.0,338.0,93.0,7.0
2018-11-29,4930956,1003.0416666666666,57.333333333333336,6.916666666666667,39.50975000000005,2.0,14.747526049484714,4160.0,3949.0,211.0,95.0,5.0
2018-11-30,4930956,1014.8333333333334,66.95833333333333,3.5416666666666665,34.53875000000003,2.0,34.15090863679489,4226.0,3999.0,227.0,95.0,5.0
2018-12-01,4930956,1020.75,64.16666666666667,3.1666666666666665,35.72150000000004,2.0,14.016793839561148,4293.0,3979.0,314.0,93.0,7.0
2018-12-02,4930956,1015.1666666666666,86.79166666666667,3.7083333333333335,40.77275000000005,7.0,26.343194460686448,2862.0,2595.0,267.0,91.0,9.0
2018-12-03,4930956,1000.6666666666666,78.5,4.208333333333333,49.490000000000045,2.0,33.021450900928905,1882.0,1617.0,265.0,86.0,14.0
2018-12-04,4930956,1007.9583333333334,47.625,6.583333333333333,37.62800000000004,2.0,36.0828468526364,2921.0,2745.0,176.0,94.0,6.0
2018-12-05,4930956,1018.2916666666666,47.5,3.7083333333333335,26.508500000000044,2.0,19.876939408869024,4058.0,3872.0,186.0,95.0,5.0
2018-12-06,4930956,1018.25,51.083333333333336,3.875,31.630250000000036,2.0,21.985394217275992,4127.0,3910.0,217.0,95.0,5.0
2018-12-07,4930956,1021.1666666666666,48.083333333333336,5.5,33.92225000000004,2.0,17.081089642381226,3910.0,3726.0,184.0,95.0,5.0
2018-12-08,4930956,1029.4583333333333,35.583333333333336,4.958333333333333,23.678750000000036,2.0,19.18418823339215,4110.0,3831.0,279.0,93.0,7.0
2018-12-09,4930956,1028.2083333333333,56.875,4.041666666666667,22.835000000000036,1.0,31.45020122764893,3457.0,2939.0,518.0,85.0,15.0
2018-12-10,4930956,1019.4166666666666,50.208333333333336,4.166666666666667,28.693250000000052,2.0,75.78767389712216,2307.0,1927.0,380.0,84.0,16.0
2018-12-11,4930956,1020.2083333333334,49.458333333333336,2.7916666666666665,25.23650000000003,2.0,19.776738267194922,2061.0,1945.0,116.0,94.0,6.0
2018-12-12,4930956,1015.5,47.083333333333336,4.541666666666667,30.55400000000004,2.0,16.03174684344181,3297.0,3151.0,146.0,96.0,4.0
2018-12-13,4930956,1030.625,50.833333333333336,3.2083333333333335,23.72375000000004,2.0,19.798150756677348,3262.0,3065.0,197.0,94.0,6.0
2018-12-14,4930956,1032.5833333333333,70.95833333333333,2.5,32.636750000000035,2.0,16.527178364202047,3704.0,3381.0,323.0,91.0,9.0
2018-12-15,4930956,1022.3333333333334,80.625,3.9166666666666665,46.73375000000004,6.0,18.357582158320955,2495.0,2299.0,196.0,92.0,8.0
2018-12-16,4930956,1020.375,69.79166666666667,6.291666666666667,40.31225000000004,2.0,33.27587066220048,1553.0,1341.0,212.0,86.0,14.0
2018-12-17,4930956,1004.375,82.91666666666667,6.625,37.92950000000005,7.0,75.89004112313218,1141.0,929.0,212.0,81.0,19.0
2018-12-18,4930956,1006.625,49.041666666666664,9.041666666666666,30.79850000000003,2.0,28.71304107689267,1138.0,988.0,150.0,87.0,13.0
2018-12-19,4930956,1017.9166666666666,42.708333333333336,4.666666666666667,28.312250000000034,2.0,25.405194150391242,731.0,569.0,162.0,78.0,22.0
2018-12-20,4930956,1019.1666666666666,52.625,3.6666666666666665,35.68325000000004,2.0,17.404815767346033,977.0,871.0,106.0,89.0,11.0
2018-12-21,4930956,1007.875,87.625,5.791666666666667,51.785000000000046,7.0,40.01343949499575,1568.0,1367.0,201.0,87.0,13.0
2018-12-22,4930956,993.375,78.83333333333333,6.416666666666667,51.634250000000044,2.0,13.115402162935775,1168.0,1054.0,114.0,90.0,10.0
2018-12-23,4930956,1013.9166666666666,47.75,6.166666666666667,35.60750000000004,2.0,127.48822887680551,1441.0,1039.0,402.0,72.0,28.0
2018-12-24,4930956,1017.1666666666666,61.833333333333336,2.7083333333333335,32.15075000000004,2.0,45.446471962859306,1032.0,784.0,248.0,76.0,24.0
2018-12-25,4930956,1019.5833333333334,51.708333333333336,4.666666666666667,33.259250000000044,2.0,48.81606251280338,1463.0,1224.0,239.0,84.0,16.0
2018-12-26,4930956,1025.75,31.5,4.5,26.192750000000036,[1. 2.],20.760617828952043,437.0,384.0,53.0,88.0,12.0
